{"cameraMode":{"drawMode":0,"name":"Shaded","section":"Shading Mode"},"sceneLighting":false,"audioPlay":false,"sceneViewState":{"showFog":true,"showMaterialUpdate":false,"showSkybox":true,"showFlares":true,"showImageEffects":true,"showParticleSystems":true},"in2DMode":false,"pivot":{"x":1.160509705543518,"y":3.832057476043701,"z":0.28178033232688906},"rotation":{"x":-0.1097501590847969,"y":0.7625595927238464,"z":-0.13428430259227754,"w":-0.6232379078865051},"size":0.8573653101921082,"orthographic":false}