{"cameraMode":{"drawMode":0,"name":"Shaded","section":"Shading Mode"},"sceneLighting":true,"audioPlay":false,"sceneViewState":{"showFog":true,"showMaterialUpdate":false,"showSkybox":true,"showFlares":true,"showImageEffects":true,"showParticleSystems":true},"in2DMode":false,"pivot":{"x":28.960979461669923,"y":25.445453643798829,"z":-16.04538345336914},"rotation":{"x":-0.32695433497428896,"y":0.506266713142395,"z":-0.21542604267597199,"w":-0.7683660984039307},"size":2.8578836917877199,"orthographic":false}